{
  "웨스트_통합_2만": {
    "12": {
      "S": 0.7,
      "A": 0.68,
      "B": 0.66,
      "C": 0.64,
      "D": 0.62,
      "E": 0.6,
      "F": 0.58,
      "G": 0.56,
      "H": 0.54,
      "I": 0.51
    },
    "24": {
      "S": 0.62,
      "A": 0.6,
      "B": 0.58,
      "C": 0.56,
      "D": 0.54,
      "E": 0.52,
      "F": 0.5,
      "G": 0.48,
      "H": 0.46,
      "I": 0.43
    },
    "36": {
      "S": 0.54,
      "A": 0.52,
      "B": 0.5,
      "C": 0.48,
      "D": 0.46,
      "E": 0.44,
      "F": 0.42,
      "G": 0.4,
      "H": 0.38,
      "I": 0.35
    },
    "42": {
      "S": 0.49,
      "A": 0.47,
      "B": 0.44999999999999996,
      "C": 0.42999999999999994,
      "D": 0.41,
      "E": 0.38999999999999996,
      "F": 0.36999999999999994,
      "G": 0.35,
      "H": 0.32999999999999996,
      "I": 0.29999999999999993
    },
    "44": {
      "S": 0.48,
      "A": 0.46,
      "B": 0.43999999999999995,
      "C": 0.41999999999999993,
      "D": 0.39999999999999997,
      "E": 0.37999999999999995,
      "F": 0.35999999999999993,
      "G": 0.33999999999999997,
      "H": 0.31999999999999995,
      "I": 0.2899999999999999
    },
    "48": {
      "S": 0.46,
      "A": 0.44,
      "B": 0.42,
      "C": 0.4,
      "D": 0.38,
      "E": 0.36,
      "F": 0.34,
      "G": 0.32,
      "H": 0.3,
      "I": 0.27
    },
    "60": {
      "S": 0.39,
      "A": 0.37,
      "B": 0.35,
      "C": 0.33,
      "D": 0.31,
      "E": 0.29,
      "F": 0.27,
      "G": 0.25,
      "H": 0.23,
      "I": 0.2
    }
  },
  "웨스트_수입_2만": {
    "12": {
      "S": 0.7,
      "A": 0.68,
      "B": 0.66,
      "C": 0.64,
      "D": 0.62,
      "E": 0.6,
      "F": 0.58,
      "G": 0.56,
      "H": 0.54,
      "I": 0.51
    },
    "24": {
      "S": 0.62,
      "A": 0.6,
      "B": 0.58,
      "C": 0.56,
      "D": 0.54,
      "E": 0.52,
      "F": 0.5,
      "G": 0.48,
      "H": 0.46,
      "I": 0.43
    },
    "36": {
      "S": 0.54,
      "A": 0.52,
      "B": 0.5,
      "C": 0.48,
      "D": 0.46,
      "E": 0.44,
      "F": 0.42,
      "G": 0.4,
      "H": 0.38,
      "I": 0.35
    },
    "42": {
      "S": 0.49,
      "A": 0.47,
      "B": 0.44999999999999996,
      "C": 0.42999999999999994,
      "D": 0.41,
      "E": 0.38999999999999996,
      "F": 0.36999999999999994,
      "G": 0.35,
      "H": 0.32999999999999996,
      "I": 0.29999999999999993
    },
    "44": {
      "S": 0.48,
      "A": 0.45999999999999996,
      "B": 0.43999999999999995,
      "C": 0.41999999999999993,
      "D": 0.39999999999999997,
      "E": 0.37999999999999995,
      "F": 0.35999999999999993,
      "G": 0.33999999999999997,
      "H": 0.31999999999999995,
      "I": 0.2899999999999999
    },
    "48": {
      "S": 0.46,
      "A": 0.44,
      "B": 0.42,
      "C": 0.4,
      "D": 0.38,
      "E": 0.36,
      "F": 0.34,
      "G": 0.32,
      "H": 0.3,
      "I": 0.27
    },
    "60": {
      "S": 0.39,
      "A": 0.37,
      "B": 0.35,
      "C": 0.33,
      "D": 0.31,
      "E": 0.29,
      "F": 0.27,
      "G": 0.25,
      "H": 0.23,
      "I": 0.2
    }
  },
  "큐브_수입_2만": {
    "12": {
      "A": 0.71,
      "B": 0.71,
      "C": 0.7,
      "D": 0.7,
      "E": 0.7,
      "F": 0.7,
      "G": 0.69,
      "H": 0.68,
      "I": 0.67,
      "J": 0.66,
      "K": 0.65,
      "L": 0.64,
      "M": 0.63,
      "N": 0.62,
      "O": 0.61,
      "P": 0.6,
      "Q": 0.59
    },
    "24": {
      "A": 0.64,
      "B": 0.64,
      "C": 0.64,
      "D": 0.64,
      "E": 0.63,
      "F": 0.62,
      "G": 0.61,
      "H": 0.6,
      "I": 0.595,
      "J": 0.59,
      "K": 0.58,
      "L": 0.57,
      "M": 0.56,
      "N": 0.55,
      "O": 0.54,
      "P": 0.53,
      "Q": 0.52
    },
    "36": {
      "A": 0.57,
      "B": 0.57,
      "C": 0.57,
      "D": 0.56,
      "E": 0.55,
      "F": 0.54,
      "G": 0.52,
      "H": 0.51,
      "I": 0.5,
      "J": 0.49,
      "K": 0.48,
      "L": 0.47,
      "M": 0.46,
      "N": 0.45,
      "O": 0.42,
      "P": 0.41,
      "Q": 0.4
    },
    "42": {},
    "44": {},
    "48": {
      "A": 0.5,
      "B": 0.49,
      "C": 0.48,
      "D": 0.47,
      "E": 0.46,
      "F": 0.45,
      "G": 0.44,
      "H": 0.43,
      "I": 0.42,
      "J": 0.41,
      "K": 0.4,
      "L": 0.39,
      "M": 0.38,
      "N": 0.37,
      "O": 0.36,
      "P": 0.35,
      "Q": 0.34
    },
    "60": {
      "A": 0.45,
      "B": 0.44,
      "C": 0.43,
      "D": 0.42,
      "E": 0.41,
      "F": 0.4,
      "G": 0.39,
      "H": 0.38,
      "I": 0.37,
      "J": 0.36,
      "K": 0.34,
      "L": 0.33,
      "M": 0.32,
      "N": 0.3,
      "O": 0.28,
      "P": 0.27,
      "Q": 0.26
    }
  },
  "무카_국산_2만": {
    "12": {
      "A": 0.7499999999999999,
      "B": 0.7399999999999999,
      "C": 0.7299999999999999,
      "D": 0.7199999999999999,
      "E": 0.7099999999999999,
      "F": 0.7,
      "G": 0.69,
      "H": 0.6799999999999999,
      "I": 0.6699999999999999,
      "J": 0.6599999999999999,
      "K": 0.6499999999999999,
      "L": 0.64,
      "M": 0.63,
      "N": 0.62,
      "O": 0.61,
      "P": 0.6
    },
    "24": {
      "A": 0.6699999999999999,
      "B": 0.6599999999999999,
      "C": 0.6499999999999999,
      "D": 0.6399999999999999,
      "E": 0.6299999999999999,
      "F": 0.62,
      "G": 0.61,
      "H": 0.6,
      "I": 0.59,
      "J": 0.58,
      "K": 0.57,
      "L": 0.56,
      "M": 0.55,
      "N": 0.54,
      "O": 0.53,
      "P": 0.52
    },
    "36": {
      "A": 0.59,
      "B": 0.58,
      "C": 0.57,
      "D": 0.5599999999999999,
      "E": 0.5499999999999999,
      "F": 0.54,
      "G": 0.53,
      "H": 0.52,
      "I": 0.51,
      "J": 0.5,
      "K": 0.49,
      "L": 0.48000000000000004,
      "M": 0.47000000000000003,
      "N": 0.46,
      "O": 0.45,
      "P": 0.44
    },
    "42": {},
    "44": {},
    "48": {
      "A": 0.51,
      "B": 0.5,
      "C": 0.49,
      "D": 0.48,
      "E": 0.47,
      "F": 0.46,
      "G": 0.45,
      "H": 0.44,
      "I": 0.43,
      "J": 0.42,
      "K": 0.41,
      "L": 0.4,
      "M": 0.39,
      "N": 0.38,
      "O": 0.37,
      "P": 0.36
    },
    "60": {
      "A": 0.42000000000000004,
      "B": 0.41000000000000003,
      "C": 0.4,
      "D": 0.39,
      "E": 0.38,
      "F": 0.37,
      "G": 0.36,
      "H": 0.35,
      "I": 0.33999999999999997,
      "J": 0.32999999999999996,
      "K": 0.31999999999999995,
      "L": 0.31000000000000005,
      "M": 0.30000000000000004,
      "N": 0.29000000000000004,
      "O": 0.28,
      "P": 0.27
    }
  },
  "감가율_테이블": {
    "1": 0.8970000000000001,
    "2": 0.8900000000000001,
    "3": 0.8830000000000001,
    "4": 0.8760000000000001,
    "5": 0.8690000000000001,
    "6": 0.8620000000000001,
    "7": 0.8550000000000001,
    "8": 0.8480000000000001,
    "9": 0.8410000000000001,
    "10": 0.8340000000000001,
    "11": 0.8270000000000001,
    "12": 0.8200000000000001,
    "13": 0.8130000000000001,
    "14": 0.806,
    "15": 0.799,
    "16": 0.792,
    "17": 0.785,
    "18": 0.778,
    "19": 0.771,
    "20": 0.764,
    "21": 0.757,
    "22": 0.75,
    "23": 0.743,
    "24": 0.7400000000000001,
    "25": 0.7330000000000001,
    "26": 0.7260000000000001,
    "27": 0.7190000000000001,
    "28": 0.7120000000000001,
    "29": 0.7050000000000001,
    "30": 0.6980000000000001,
    "31": 0.6910000000000001,
    "32": 0.684,
    "33": 0.677,
    "34": 0.67,
    "35": 0.663,
    "36": 0.6600000000000001,
    "37": 0.6550000000000001,
    "38": 0.6500000000000001,
    "39": 0.6450000000000001,
    "40": 0.6400000000000001,
    "41": 0.6350000000000001,
    "42": 0.6300000000000001,
    "43": 0.6250000000000001,
    "44": 0.6200000000000001,
    "45": 0.6150000000000001,
    "46": 0.6100000000000001,
    "47": 0.6050000000000001,
    "48": 0.6000000000000001,
    "49": 0.5950000000000001,
    "50": 0.5900000000000001,
    "51": 0.5850000000000001,
    "52": 0.5800000000000001,
    "53": 0.5750000000000001,
    "54": 0.5700000000000001,
    "55": 0.5650000000000001,